{"count":1,"self":93.4324608,"total":585.91917649999994,"children":{"InitializeActuators":{"count":35,"self":0.0025061,"total":0.0025061,"children":null},"InitializeSensors":{"count":35,"self":0.0010065999999999999,"total":0.0010065999999999999,"children":null},"AgentSendState":{"count":71967,"self":1.0283083,"total":3.8476709,"children":{"CollectObservations":{"count":503790,"self":0.4670601,"total":0.4670601,"children":null},"WriteActionMask":{"count":503790,"self":0.2089526,"total":0.2089526,"children":null},"RequestDecision":{"count":503790,"self":0.58130609999999994,"total":2.1433499,"children":{"AgentInfo.ToProto":{"count":503790,"self":0.6255196,"total":1.5620437999999999,"children":{"GenerateSensorData":{"count":503790,"self":0.93652419999999992,"total":0.93652419999999992,"children":null}}}}}}},"DecideAction":{"count":71967,"self":485.1876352,"total":485.18761179999996,"children":null},"AgentAct":{"count":71967,"self":3.1048564,"total":3.1048564,"children":null},"AgentInfo.ToProto":{"count":31249,"self":0.1318749,"total":0.343063,"children":{"GenerateSensorData":{"count":31249,"self":0.2111881,"total":0.2111881,"children":null}}}},"gauges":{"Agent.CumulativeReward":{"count":31249,"max":3.83000016,"min":-32.5406265,"runningAverage":0.882576346,"value":1.55000019,"weightedAverage":1.40026975}},"metadata":{"timer_format_version":"0.1.0","start_time_seconds":"1731828337","unity_version":"2022.3.16f1","command_line_arguments":"C:\\Program Files\\Unity\\Hub\\Editor\\2022.3.16f1\\Editor\\Unity.exe -projectpath F:\\Rlproject -useHub -hubIPC -cloudEnvironment production -licensingIpc LicenseClient-ADMIN -hubSessionId d3f1ceaa-05c1-41a4-b672-26fa0284e2d2 -accessToken 36IrcT-sUxgAUdhve3ORQVdGngdnNMtygh3tbYJEeUg007f","communication_protocol_version":"1.5.0","com.unity.ml-agents_version":"2.0.1","scene_name":"scene1","end_time_seconds":"1731828923"}}