{"count":1,"self":29.8710144,"total":29.922834899999998,"children":{"InitializeActuators":{"count":1,"self":0.0020035,"total":0.0020035,"children":null},"InitializeSensors":{"count":1,"self":0.0019944999999999997,"total":0.0019944999999999997,"children":null},"AgentSendState":{"count":1228,"self":0.010265699999999999,"total":0.0192419,"children":{"CollectObservations":{"count":246,"self":0.0019111,"total":0.0019111,"children":null},"WriteActionMask":{"count":246,"self":0.0025088999999999997,"total":0.0025088999999999997,"children":null},"RequestDecision":{"count":246,"self":0.0045562,"total":0.0045562,"children":null}}},"DecideAction":{"count":1228,"self":0.014302299999999999,"total":0.014302299999999999,"children":null},"AgentAct":{"count":1228,"self":0.014277199999999999,"total":0.014277199999999999,"children":null}},"gauges":{"AgentMove.CumulativeReward":{"count":2,"max":-2.409999,"min":-10.86013,"runningAverage":-6.6350646,"value":-2.409999,"weightedAverage":-8.747598}},"metadata":{"timer_format_version":"0.1.0","start_time_seconds":"1730667108","unity_version":"2022.3.16f1","command_line_arguments":"C:\\Program Files\\Unity\\Hub\\Editor\\2022.3.16f1\\Editor\\Unity.exe -projectpath F:\\Rlproject -useHub -hubIPC -cloudEnvironment production -licensingIpc LicenseClient-ADMIN -hubSessionId 6161e63a-ab8b-4a7c-8755-bbc47c50d788 -accessToken izeTDy-80SrBtVa6L4OFIwVZ662Nx4MEJFE_0KWzlDs007f","communication_protocol_version":"1.5.0","com.unity.ml-agents_version":"2.0.1","scene_name":"scene1","end_time_seconds":"1730667138"}}