{
    "name": "root",
    "gauges": {
        "Agent.Policy.Entropy.mean": {
            "value": 1.3042092323303223,
            "min": 1.3042092323303223,
            "max": 1.4310449361801147,
            "count": 19
        },
        "Agent.Policy.Entropy.sum": {
            "value": 39028.4609375,
            "min": 38931.265625,
            "max": 44267.32421875,
            "count": 19
        },
        "Agent.Environment.EpisodeLength.mean": {
            "value": 22.6044039483675,
            "min": 21.854559748427672,
            "max": 243.8640776699029,
            "count": 19
        },
        "Agent.Environment.EpisodeLength.sum": {
            "value": 29770.0,
            "min": 20371.0,
            "max": 36608.0,
            "count": 19
        },
        "Agent.Step.mean": {
            "value": 569989.0,
            "min": 29990.0,
            "max": 569989.0,
            "count": 19
        },
        "Agent.Step.sum": {
            "value": 569989.0,
            "min": 29990.0,
            "max": 569989.0,
            "count": 19
        },
        "Agent.Policy.ExtrinsicValueEstimate.mean": {
            "value": 1.734487771987915,
            "min": -0.10972622781991959,
            "max": 1.734487771987915,
            "count": 19
        },
        "Agent.Policy.ExtrinsicValueEstimate.sum": {
            "value": 2445.627685546875,
            "min": -61.446685791015625,
            "max": 2445.627685546875,
            "count": 19
        },
        "Agent.Environment.CumulativeReward.mean": {
            "value": 1.9908883826879271,
            "min": -0.0783132530120482,
            "max": 1.9908883826879271,
            "count": 19
        },
        "Agent.Environment.CumulativeReward.sum": {
            "value": 2622.0,
            "min": -13.0,
            "max": 2622.0,
            "count": 19
        },
        "Agent.Policy.ExtrinsicReward.mean": {
            "value": 1.9908883826879271,
            "min": -0.0783132530120482,
            "max": 1.9908883826879271,
            "count": 19
        },
        "Agent.Policy.ExtrinsicReward.sum": {
            "value": 2622.0,
            "min": -13.0,
            "max": 2622.0,
            "count": 19
        },
        "Agent.Losses.PolicyLoss.mean": {
            "value": 0.06661484001505029,
            "min": 0.06425046910666725,
            "max": 0.0728778988298766,
            "count": 19
        },
        "Agent.Losses.PolicyLoss.sum": {
            "value": 0.19984452004515085,
            "min": 0.14422538587484898,
            "max": 0.21863369648962977,
            "count": 19
        },
        "Agent.Losses.ValueLoss.mean": {
            "value": 0.026065149740514975,
            "min": 0.016604433780764243,
            "max": 0.08196045230925507,
            "count": 19
        },
        "Agent.Losses.ValueLoss.sum": {
            "value": 0.07819544922154492,
            "min": 0.04981330134229273,
            "max": 0.24588135692776522,
            "count": 19
        },
        "Agent.Policy.LearningRate.mean": {
            "value": 8.951778857446668e-05,
            "min": 8.951778857446668e-05,
            "max": 0.00019693750153125002,
            "count": 19
        },
        "Agent.Policy.LearningRate.sum": {
            "value": 0.0002685533657234,
            "min": 0.0002685533657234,
            "max": 0.0005757316121342,
            "count": 19
        },
        "Agent.Policy.Epsilon.mean": {
            "value": 0.14475886666666668,
            "min": 0.14475886666666668,
            "max": 0.19846875000000003,
            "count": 19
        },
        "Agent.Policy.Epsilon.sum": {
            "value": 0.4342766,
            "min": 0.39693750000000005,
            "max": 0.5878658000000001,
            "count": 19
        },
        "Agent.Policy.Beta.mean": {
            "value": 0.00448141078,
            "min": 0.00448141078,
            "max": 0.009847028125,
            "count": 19
        },
        "Agent.Policy.Beta.sum": {
            "value": 0.01344423234,
            "min": 0.01344423234,
            "max": 0.028787793420000003,
            "count": 19
        },
        "Agent.IsTraining.mean": {
            "value": 1.0,
            "min": 1.0,
            "max": 1.0,
            "count": 19
        },
        "Agent.IsTraining.sum": {
            "value": 1.0,
            "min": 1.0,
            "max": 1.0,
            "count": 19
        }
    },
    "metadata": {
        "timer_format_version": "0.1.0",
        "start_time_seconds": "1731146620",
        "python_version": "3.7.16 (default, Jan 17 2023, 16:06:28) [MSC v.1916 64 bit (AMD64)]",
        "command_line_arguments": "C:\\Users\\ADMIN\\anaconda3\\envs\\unityproject\\Scripts\\mlagents-learn --force F:\\Rlproject\\TrainingVar\\training2.yaml --run-id=test3",
        "mlagents_version": "0.28.0",
        "mlagents_envs_version": "0.28.0",
        "communication_protocol_version": "1.5.0",
        "pytorch_version": "1.7.1+cu110",
        "numpy_version": "1.21.6",
        "end_time_seconds": "1731147316"
    },
    "total": 695.9916571,
    "count": 1,
    "self": 0.008012200000052871,
    "children": {
        "run_training.setup": {
            "total": 0.1464681000000001,
            "count": 1,
            "self": 0.1464681000000001
        },
        "TrainerController.start_learning": {
            "total": 695.8371768,
            "count": 1,
            "self": 0.8820895000064866,
            "children": {
                "TrainerController._reset_env": {
                    "total": 16.627739400000003,
                    "count": 1,
                    "self": 16.627739400000003
                },
                "TrainerController.advance": {
                    "total": 678.1579202999934,
                    "count": 26818,
                    "self": 0.4086989999867683,
                    "children": {
                        "env_step": {
                            "total": 677.7492213000066,
                            "count": 26818,
                            "self": 508.0433850999992,
                            "children": {
                                "SubprocessEnvManager._take_step": {
                                    "total": 169.2675552999994,
                                    "count": 26818,
                                    "self": 1.696977200001811,
                                    "children": {
                                        "TorchPolicy.evaluate": {
                                            "total": 167.5705780999976,
                                            "count": 16383,
                                            "self": 52.31978979999374,
                                            "children": {
                                                "TorchPolicy.sample_actions": {
                                                    "total": 115.25078830000385,
                                                    "count": 16383,
                                                    "self": 115.25078830000385
                                                }
                                            }
                                        }
                                    }
                                },
                                "workers": {
                                    "total": 0.4382809000079959,
                                    "count": 26818,
                                    "self": 0.0,
                                    "children": {
                                        "worker_root": {
                                            "total": 678.6269450999973,
                                            "count": 26818,
                                            "is_parallel": true,
                                            "self": 488.5342647000014,